{
  "buildCommand": "npm run build",
  "outputDirectory": ".next",
  "framework": "nextjs",
  "regions": ["hnd1"],
  "headers": [
    {
      "source": "/uploads/(.*)",
      "headers": [
        {
          "key": "Content-Type",
          "value": "application/pdf"
        },
        {
          "key": "Cache-Control",
          "value": "public, max-age=31536000, immutable"
        },
        {
          "key": "Access-Control-Allow-Origin",
          "value": "*"
        },
        {
          "key": "Access-Control-Allow-Methods",
          "value": "GET, OPTIONS"
        }
      ]
    }
  ]
}
